Matina Tsirigaki	matina.tsiriggaki
Konstantina Mylona	konstantinamyl
Vagelis Lappas	elappas6
Minas Melas	m_melas_
ğŸ’  anastasia_diamanti ğŸ’	_adiamanti_
Anex (Î†Î½ÎµÎ¾)	anexsuperlyrical
ğ’œğ“ƒğ“ƒğ’¶	mikro_pikachu
á´‹á´€á´›á´‡Ê€ÉªÉ´á´€ sá´›â€¢	katerina.stefanou
Î”Î·Î¼Î®Ï„ÏÎ·Ï‚ Î’Î¿Ï…Î¶Î±Î¾Î¬ÎºÎ·Ï‚	dimitris.vouzaxakis
ğ•‚ğ• ğ•£ğ•’ğ•ğ•šğ•’ ğ•‚ğ• ğ•Ÿğ•¥ğ• ğ•¦	koraliakontou
ÎœÎ±Î¯ÏÎ· Î‘Ï€Î¿ÏƒÏ„Î¿Î»Î¿Ï€Î¿ÏÎ»Î¿Ï…	its_mary.ap
Giorgos Tsintzas	george.tsintzas
Alexandros Kopsialis	alexandros_kopsialis
anitta ğŸ¤	anitta
Ivana Å panoviÄ‡	ivanaspanovic
T i n a	tina.psatha
Î Î¬ÏƒÏ„Î± Î¦Î»ÏÏÎ±	pastafloramag
Helena Paparizou	helenapaparizouofficial
Ewa Swoboda	litttlerunner
eleni andritsoudi	eleni__di
Lentoyâ™’ï¸	laoura_n
Patra.P	mixermxr
GramSlayers	gramslayers
boots	bootsthefeline
Liam Wong	liamwong
Brandon Woelfel	brandonwoelfel
Poppy	impoppy
Mary G Ioannidou	somniumd
Kevin Hart	kevinhart4real
move Â¡express yourself! veto	monalisaven
Katia_K	katia_karavasili_
ÎœÎ¬Î³Î¹Î± Î Î¿Î»Î±Ï„Î¯Î´Î·	magia_pol
Justin Sun	justinsun
Vasilis Vogiannou	vasilis.vogiannou
Danae Panagiotou	danae_panagiotou
Liv Boeree	liv_boeree
Dree	dree.o
Î“ÎµÏÎ¬ÏƒÎ¹Î¼Î¿Ï‚ ÎšÎ±ÏƒÏƒÎ¬ÏÎ±Ï‚Â®	gerasimos_kassaras
É¢á´‡á´Ê€É¢á´‡ É´Éªá´‹á´á´œ	giwrgos_nikou
Alexandra Panagiotarou	alexandra__panagiotarou
â€¢Î›Î­Î½Î· Î£Ï„Î±Î¸Î¬ÎºÎ·â€¢	nooblet9
Vaggelis Ar	vaggelis.ar7
Jordan Peterson	jordan.b.peterson
ILIANA PAPAGEORGIOU	ilianapapageorgiou
Iliaskommwseissnob	barber.snob
Dr. Stefanie Cohen, DPT	steficohen
Christina Bostandzhieva	christina_bostandzhieva
Danika Mori	realdanikamori
Dan Bilzerian	danbilzerian
Î’Î±ÏƒÎ¹Î»Î¹ÎºÎ® ÎšÎµÏÎ±Î¼Î¬ÏÎ·	vasiliki_keramari
â™¥Eirini Gkoleâ™¥	irene.wait_for_it
Î–Î¯Î½Î± ÎÎ±Î¸Î±Î½Î±Î®Î»	zina_nathanail
Î™ Ï‰ Î¬ Î½ Î½ Î±   Î¤ Î¿ Ï Î½ Î·	j.touni
Ruben Sole	ruben_sole
Kwstas Biskinis	kwstas_biskinis
wanna get lost here	iwanna_mitsiou
Katerina Tsoumi	katerinatsoumi
Î’Î¯ÎºÏ… Î‘Î´Î±Î¼Î¯Î´Î¿Ï…	viky_adamd
All sandy and saltyâ˜¾	marialenaaa__
Marios Drougas	mariosdrougas
ÎÎ±Ï„Î¬ÏƒÎ±_ÎœÎ±Î»Î¹Î¬Î³ÎºÎ± ğŸ’«	natasamlg
Maria Katsinou	maria_katsinou
ÎœÎ±ÏÎ¹Î¬Î½Î½Î± Î“ÏÎ¯Î²Î±	mariannagriba
Î”Î·Î¼Î®Ï„ÏÎ·Ï‚ ÎšÎ±Î¶Î½Î­ÏƒÎ·Ï‚	dim_kazn
Renia Kyrana	renia_kyrana
ÎœÎ±ÏÎ¯Î± Î¤ÏÎ¯Î³ÎºÎ±	maria_trigas
ÎœÎµÎ»Î¯Î½Î± Î Î±Ï€Î±Î´Î·Î¼Î·Ï„ÏÎ¯Î¿Ï…	melinapapadimitriou
Marios Moiros	moiros_player7
	vasilis_kaznesis
SophieeğŸŒ™	sophia_rizakou
Î” Î¬ Ï† Î½ Î·  ğŸŒ¹	daphne_skarlatou
Îœ Î± Î½ Ï„ Ï	s.adamantiaa
Î”Î±Î½Î¬Î·-ÎœÏ…ÏÏ„Ï	danae.pykni
Yiota Kaouki	giwtakaouki
Paraskevopoulos	paraskevopouloslighting
Diana GalimullinağŸŒ™	dianagali_
ğŸŒ¸eleniiğŸŒ¸	eleniitsr
Elena Manthopoulou	elenamanthopoulou
Asura Zorn	crystalline_structures
Mike Kiwii	mikekiwii
Giorgos Taxiarchou	giorgio_taxiarchou
Alexandros Taxiarchou	ale_txr7
GiannisStratakisChadwell	giannis_stratakis_chadwell
Î›ÎµÏ‰Î½Î¯Î´Î±Ï‚	leo_bouts.jpg
ğŸ‡« ğŸ‡· ğŸ‡ª ğŸ‡ª ğŸ‡© ğŸ‡´ ğŸ‡²	fyka_eleftheria94
Xristos Liapis	xristos.liapis
ÎÎ¯ÎºÎ¿Ï‚	mr_delijohn
adry_stergy	adry_stergy
Î¤Î­Î± Î Î¿ÏÏ€Î·	teah____
Patras Powerlifting Club	patras.pl.club
Alinity Divine	alinitydivine
	ntinnna
GeoTertis	geotertis
Haidi Stefanidou	haidistefanidou
Sommer Ray	sommerray
mathe lina	mathe_lina
Sommer Ray	sommerray2
J K	ionmeamygdalo
Basilhs Lazarinhs	v.lazarinhs
Dimosthenis Paliokostas	dimosthenis_paliokostas
ÎœÎ±ÏÎ³Î±ÏÎ¯Ï„Î± ÎœÏ€Î±ÏÏ„Î¶Î¹Î¿Ï€Î¿ÏÎ»Î¿Ï…	margarita_mprtz
Î•Ï…ÏƒÏ„Î±Î¸Î¯Î± Î’Î¿Ï…Î¶Î±Î¾Î¬ÎºÎ·	efstathia_vou
Vasilis Lef	vasilislef
Aris Trachanellis	aristrachanellis
Panos Andriopoulos	p_andrio_
Nikos Keder Saliveros	fluffyasfak
Tom Martin	tommartinpl
Miltos Chatzigiannakis	miltos_chatzigiannakis
Dimitra Misxou	dimitra_misxou
thwdorhs filippopoulos	thodwrhsfilip
Giannis  Giari	giannis__giari
Kostas Tsiorvalas	tsiorvalask
Natasaâœ´	natasa.chionidou
Valedina Siouli	valedina_siouli
Î‘Î¸Î±Î½Î±ÏƒÎ¯Î¿Ï… Î”Î·Î¼Î®Ï„ÏÎ·Ï‚	_dimitris_athanasiou
Paraskevopoulos Giorgos	paras_george
Spyros Mpourtzalas	spyros_mp
Î“Î¹ÏÏÎ³Î¿Ï‚ Î Î¿Ï…Î³ÎºÎ±ÎºÎ¹ÏÏ„Î·Ï‚	pougas_g
Pak Polka Rots	polkarots
Î‘Î»ÎµÎ¾Î¬Î½Î´ÏÎ± ÎšÎ±Î¶Î½Î­ÏƒÎ·	alexandra.kaznesi
ÎÎ¹ÎºÎ¿Ï‚ Î¤ÏÎ¹Î±Î½Ï„Î±Ï†Ï…Î»Î»Î¿Ï…	nicktriadaf
Î“Î¹ÏÏÎ³Î¿Ï‚ Î¤Î¶Î¿Ï…Î¬Î½Î±Ï‚	geo_tzn
Don Diablo	dondiablo
Marina ğŸ™‹	marin_stergiou_
David Laid	davidlaid
Thodoris Arme	arme_86
Panagiotis Perentis	panagiotis_perentis
Î§ÏÏÏƒÎ± Î Î±ÏÎ»Î±Î²Î¬Î½Ï„Î¶Î±	xrusara_
Î“Î¹ÏÏÎ³Î¿Ï‚ ÎœÎ¯ÏƒÎ¹Î¿Ï‚	giwrgos_misios
Alexis Ren	alexisren
Xristina Tsiorvala	xristina_tsiorvala
Hara Katsoulidi	harakatsoulidi
	have_a_lel
Chicken House Î£Î±Î¼Î±Î½Î¯Î´Î·Ï‚	chickenhouse_samanidis
ÎœÏ…ÏÏ„Ï Î“ÎµÏ‰ÏÎ³Î¿Ï€Î¿ÏÎ»Î¿Ï…	myrto.geo
ÎšÏ‰ÏƒÏ„Î±Ï‚ ÎšÎ±Î»Î¿Î³Î·ÏÎ¿Ï‚	kost.kalog
ÎÎ¯ÎºÎ¿Ï‚ ÎšÎ¿Ï…Ï„ÏƒÎ¿Î³Î¹ÏÏÎ³Î¿Ï‚	koutsos.nikos
Aleksandros Stolis	aleksandros_stolis
Î‘ÏÎ³ÏÏÎ·Ï‚ ÎšÎ±Ï„ÏƒÎ¿Ï…Î»Î¹Î­ÏÎ·Ï‚	argiris_katsou
Omar Isuf	omarisuf
á´ á´€É¢É¢á´‡ÊŸÉªêœ± ÊŸá´€Ê™Ê€á´	vaggelislabro
Alexandra Kontou	alexandraakontou
TheoGats	theogats
George Leeman	georgeleeman
Notis Papachristos	no_13_roxas
	fotis_gratsanis
ÎšÏÏƒÏ„Î±Ï‚ Î“Î±Î»Î¬Î½Î·Ï‚	kostas_glns
Panos_kg	panos_karagiann
Ilias Delenikas	iliasdelenikas
Â°Î•Î»Î­Î½Î· ÎšÏ‰Î½ÏƒÏ„Î±Î½Ï„Î¿Ï€Î¿ÏÎ»Î¿Ï…Â°	konstantopouloue_
ğ–†ğ–—ğ–˜ ğ–’ğ–”ğ–—ğ–ğ–Šğ–“ğ–‰ğ–	gkizinaki
amantapap	amantapap
Gianna Karanasiou	gianna_krns
Barbara Cooper	barbara_grig
Giannis K	giannisk_
Î‘Î½Î¸Î® Î“Î¹Î¬Î³ÎºÎ±	anthigiagka
Nick-Paris Grivogiannis	nick_paris_mkv
Î˜Î¬Î½Î¿Ï‚ Î¤ÏƒÎ±Î¼Î±Î´Î¹Î¬Ï‚	thanos_tsamadias
ğŸš N i n a â„ï¸	m__arianne
Thodoris Koutsis	domi_nuss
Super	hi_itsmemario
Savvas Veto	your.neighbor.dog
ÎŒÎ»Ï… Î†Î½Î±Î³Î½	oluanagn
ğ’¸ğ’½ğ“‡ğ’¾ğ“ˆğ“‰ğ’¾ğ“ƒğ’¶.ğ“‰ğ’½ğ’¶ğ“ƒğ’¶ğ“ˆğ’¾ğŸ«ğŸ©ğŸ¦„â™Š	christina.thanasi97
Konstantinos Yiotis	konstantinos.yiotis
Evangelia Dimou	evangelia__d
Faidra Panagou	faidra_png
ÎšÎ±Ï„ÎµÏÎ¯Î½Î±-Î™ÏƒÎ¼Î®Î½Î· Î ÎµÏ„ÏÎ¿Ï€Î¿ÏÎ»Î¿Ï…	katerina_petrr
Xristos Papadopoulos	xrhstos_papa
Effie Fouda	effie_fouda
Nikos Kirkos	nikoskirkos
Laura A. Agalioti	laura_agal
Tasos Papadopoulos	anastazz95
Toll wear spot	tollwear.gr
Î Î±Î½Î¿Ï‚ Î¤Î¿Ï…ÏÎ±Î»Î¹Î±Ï‚	panos.tour
Î–Î®ÏƒÎ·Ï‚ Î Î±Î½Î±Î³Î¹Ï‰Ï„ÏŒÏ€Î¿Ï…Î»Î¿Ï‚	zisis_pan
Spyros Siafis	spyros_siafis
Kostas Kanoutos	kostas_kan
Nayia Griva	nagriva
ğŸˆá¢áªNá†áª á·á¾áŒNá¢ášáªKá†ğŸˆ	taniamounts
Stella Triantafillou	stylliani_t
Marios Kyrkos	marios_ky
Michaela Stathopoulos	michaela_stathos
Elena Taki	elena_taki
Dora Siafi	dorasiafi
Î‘Î»ÎµÎ¾Î¯Î± Î¤ÏƒÎ¯Î³ÎºÏÎ¿Ï…	alexia_tsigk
ÎµÎ¹ÏÎ·Î½Î· Î½Î¹ÎºÎ¿Î»Î±Î¿Ï…	eirene_nik
Î“ÎµÏ‰ÏÎ³Î¯Î± ÎÏ„Î¿ÏÎ¼Î±	gewrgia_nt_
Î§ÏÎ®ÏƒÏ„Î¿Ï‚ Î£.	christos_soudis
Ariti Mixou	mixariti
Î’Î¹Î²Î® ÎœÎ­Î³Î±	vivi_mega_
Î›Î­Î½Î± ÎœÎ­Î¾Î· ğŸŒ¹	lenameksi
Andriani Perissiou ğŸ‘‘	andriani_perissiou
athina	athinakaperoni
Thanos Chatzis	thanoschatzis
Katerina Tsiaktani	kate_tsiaktani
Konstantinos Palaiopanos ğŸ”¸ï¸ğŸ”¹ï¸	the_lazy_eye
tasostsimitselis	tasostsimitselis
Nikos Kois	nikoskois
Olgaki_Rg ğŸŒ	olgaki_rg
Stelios Stromatias	stelios_stromatias
Î’Î±ÏƒÎ¯Î»Î·Ï‚ Î Î±Ï€Î±Ï‹Ï†Î±Î½Ï„Î®Ï‚	vpapayf
Î‘Î´ÏÎ¹Î±Î½Î¿Ï‚ Î£Ï„Î¿ÎºÎ±Ï‚	adrianos_stokas
Nick Ioakeimidis	nick_ioakeimidis
Vagelis Karabinas	evank_10
Christina	xristinagiannako
ğŸ‘¤: Ilias Tripodis	ilias_3ft
Rafailia Ortzani	rafailia_ortzi
Dimi Drosou	dimidrosou
ÎšÏ‰Î½ÏƒÏ„Î±Î½Ï„Î¯Î½Î± Î£Ï„Î±Ï…ÏÎ¿Î³Î¹Î¬Î½Î½Î·	kon_stavrogianni
Marios Korovesi	marioskoro95
Î»Î±ÏŠÎ½Î¬Ï‚. ÏƒÎºÎ­Ï„Î¿.ğŸ˜¬	el.potato
Konstantinos Kerameianakis	k_keras
ğ•šğ•‹ğ•«_ğ•„ğ•’ğ”»	mikelefarmakis
âšªâš«ÎÎ¯ÎºÎ· Î£Ï€Î±Î½Î¿Ï€Î¿ÏÎ»Î¿Ï…	niki.sp.5
	vasilina.far
Î‘Î³Î³ÎµÎ»Î¹ÎºÎ® ÎÏ„Î±Î¼Ï€Î¯ÎºÎ·	aggelinta
Federico Soldati	fede_soldati_
ğŸ§¿TheağŸ§¿	ccrabionn
