adidas Italia	adidasita
Dugout	officialdugout
Mart√≠n C√°ceres	martincaceres_7
Socios	sociosdotcom
#UWCL	uwcl
Lega Serie A	seriea
Leonardo Bonucci	bonuccileo19
Carlo Pinsoglio	carlopinsoglio
Leonardo Spinazzola	spina_leo
Cristiano Ronaldo	cristiano
Jo√£o Cancelo	jpcancelo
Emre Can üßø	ec2323
Mattia Perin	mattiaperin
Rodrigo Bentancur	rodrigo_bentancur
Andrea Pirlo Official	andreapirlo21
Blaise Matuidi Officiel	blaisematuidiofficiel
Mattia De Sciglio Official	mattiadesciglio2
Federico Bernardeschi	fbernardeschi
Wojciech Szczesny	wojciech.szczesny1
‚ö°Ô∏èDC11‚ö°Ô∏è	douglascosta
K M B 9 ü¶ç	moise_kean
Alex Sandro - Perfil Oficial	alxsndro12
Hublot	hublot
UEFA Champions League	championsleague
David Trezeguet	trezeguetofficial
Juan Cuadrado	cuadrado
Paulo Dybala	paulodybala
Marko Pjaca	markopjacaofficial
Miralem Pjaniƒá	miralem_pjanic
Daniele Rugani	daniruga
Mario Mand≈æukiƒá  MM 17	mariomandzukic
adidas Football (Soccer)	adidasfootball
Sami Khedira	sami_khedira6
by Marco and Mauro La Villa	thejuvestory
Gianluigi Buffon	gianluigibuffon
Andrea Barzagli	andreabarzagli15
Jeep	jeep
Giorgio Chiellini	giorgiochiellini
Claudio Marchisio	marchisiocla8
Cristina Chiabotto	vanillagirl_86
Trussardi	trussardi
Jeep Europe	jeepeurope
